Original_Score,learned_Scores,Ranking_Score_from_Postprocessing,Sensitive_Attribute
0.07410795974382434,1.3259786,1.3259786,False
0.8975297346752058,0.5735774,1.3259786367416382,True
0.13174748398902103,1.118236,1.118236,False
0.036596523330283626,1.0100652,1.0100652,False
0.0320219579139982,0.889772,0.889772,False
0.04300091491308322,0.76262295,0.76262295,False
0.02653247941445558,0.7246076,0.7246076,False
0.061299176578225034,0.63118976,0.63118976,False
0.011893870082342217,0.53852284,0.53852284,False
0.02836230558096986,0.39620644,0.39620644,False
0.8911253430924062,0.25827914,0.3809252536545336,True
0.014638609332113472,0.2295026,0.2295026,False
0.25068618481244287,0.149474,0.149474,False
0.9103385178408051,0.15219973,0.14947398006916046,True
0.8490393412625801,0.14947398,0.14947398,False
0.9862763037511436,0.14947398,0.14947398006916046,True
0.9963403476669717,0.14947398,0.14947398006916046,True
0.9762122598353157,0.14947398,0.14947398006916046,True
0.9826166514181153,0.14947398,0.14947398006916046,True
0.970722781335773,0.14947398,0.14947398006916046,True
0.9734675205855444,0.14947398,0.14947398006916046,True
0.9560841720036597,0.14947398,0.14947398006916046,True
0.9615736505032022,0.14947398,0.14947398006916046,True
0.9469350411710887,0.14947398,0.14947398006916046,True
0.94967978042086,0.14947398,0.14947398006916046,True
0.9304666056724611,0.14947398,0.14947398006916046,True
0.938700823421775,0.14947398,0.14947398006916046,True
0.9112534309240622,0.14947398,0.14947398006916046,True
0.9176578225068619,0.14947398,0.14947398006916046,True
0.8819762122598354,0.14947398,0.14947398,False
0.9021043000914913,0.14947398,0.14947398006916046,True
0.8764867337602927,0.14947398,0.14947398,False
0.8810612991765783,0.14947398,0.14947398,False
0.8728270814272644,0.14947398,0.14947398,False
0.8755718206770357,0.14947398,0.14947398,False
0.8664226898444648,0.14947398,0.14947398,False
0.8673376029277219,0.14947398,0.14947398,False
0.8517840805123513,0.14947398,0.14947398,False
0.8600182982616651,0.14947398,0.14947398,False
0.9990850869167429,0.14947398,0.14947398006916046,True
