Original_Score,learned_Scores,Ranking_Score_from_Postprocessing,Sensitive_Attribute
0.8920402561756633,8.900694847106934,8.54583740234,True
0.0009149130832570851,8.54583740234375,8.54583740234375,False
0.0018298261665141702,8.409233093261719,8.409233093261719,False
0.1079597438243367,8.003847122192383,8.003847122192383,False
0.061299176578225034,7.986200332641602,7.986200332641602,False
0.0027447392497712553,7.8909382820129395,7.8909382820129395,False
0.04940530649588293,7.889842987060547,7.889842987060547,False
0.014638609332113472,7.755735874176025,7.755735874176025,False
0.06404391582799629,7.747006416320801,7.747006416320801,False
0.09698078682525157,7.721191883087158,7.721191883087158,False
0.023787740164684323,7.71005392074585,7.71005392074585,False
0.06495882891125349,7.511141777038574,7.511141777038574,False
0.08783165599268072,7.484165191650391,7.484165191650391,False
0.05672461116193961,7.47478723526001,7.47478723526001,False
0.07776761207685268,7.453181266784668,7.453181266784668,False
0.1399817017383349,7.434115409851074,7.434115409851074,False
0.9139981701738334,7.421014785766602,7.72017090321,True
0.09149130832570906,7.405345916748047,7.405345916748047,False
0.9149130832570905,7.388318061828613,7.37819776535,True
0.02470265324794141,7.378941535949707,7.378941535949707,False
0.0036596523330283404,7.374884605407715,7.374884605407715,False
0.017383348581884728,7.177361488342285,7.177361488342285,False
0.8956999085086916,7.175905227661133,6.87512449026,True
0.070448307410796,7.13360595703125,7.13360595703125,False
0.0045745654162854255,7.073526859283447,7.073526859283447,False
0.016468435498627643,7.012670993804932,6.86673116684,True
0.9002744739249772,6.989675045013428,6.86673116684,True
0.07959743824336685,6.985917568206787,6.985917568206787,False
0.9240622140896615,6.9448442459106445,6.86673116684,True
0.101555352241537,6.937856674194336,6.937856674194336,False
0.07136322049405308,6.9185614585876465,6.9185614585876465,False
0.15736505032021952,6.875314235687256,6.875314235687256,False
0.15827996340347672,6.874624252319336,6.874624252319336,False
0.03751143641354071,6.870598793029785,6.870598793029785,False
0.9734675205855444,6.8667311668396,6.86673116684,True
0.9963403476669717,6.8667311668396,6.86673116684,True
0.9762122598353157,6.8667311668396,6.86673116684,True
0.9826166514181153,6.8667311668396,6.86673116684,True
0.9862763037511436,6.8667311668396,6.86673116684,True
0.9990850869167429,6.8667311668396,6.86673116684,True
