Original_Score,learned_Scores,Ranking_Score_from_Postprocessing,Sensitive_Attribute
0.0009149130832570851,8.851727485656738,8.851727485656738,False
0.08508691674290947,8.278762817382812,8.278762817382812,False
0.1838975297346752,8.009490966796875,8.009490966796875,False
0.0027447392497712553,7.549699783325195,7.549699783325195,False
0.1848124428179323,7.368462562561035,7.368462562561035,False
0.03751143641354071,7.318874835968018,7.318874835968018,False
0.019213174748398898,7.310494422912598,7.310494422912598,False
0.08874656907593781,7.297061443328857,7.297061443328857,False
0.017383348581884728,7.288586616516113,7.288586616516113,False
0.18847209515096064,7.244791030883789,7.244791030883789,False
0.02470265324794141,7.234699249267578,7.234699249267578,False
0.10338517840805128,7.047201156616211,7.047201156616211,False
0.8902104300091491,6.8544392585754395,6.8544392585754395,False
0.8865507776761208,6.8544392585754395,6.8544392585754395,False
0.8746569075937786,6.8544392585754395,6.8544392585754395,False
0.8728270814272644,6.8544392585754395,6.8544392585754395,False
0.8709972552607502,6.8544392585754395,6.8544392585754395,False
0.8618481244281793,6.8544392585754395,6.8544392585754395,False
0.8545288197621226,6.8544392585754395,6.8544392585754395,False
0.8536139066788655,6.8544392585754395,6.8544392585754395,False
0.9954254345837146,6.8544392585754395,6.85443925858,True
0.9926806953339433,6.8544392585754395,6.85443925858,True
0.9890210430009149,6.8544392585754395,6.85443925858,True
0.9817017383348582,6.8544392585754395,6.85443925858,True
0.9807868252516011,6.8544392585754395,6.85443925858,True
0.979871912168344,6.8544392585754395,6.85443925858,True
0.9752973467520586,6.8544392585754395,6.85443925858,True
0.969807868252516,6.8544392585754395,6.85443925858,True
0.9679780420860018,6.8544392585754395,6.85443925858,True
0.9624885635864593,6.8544392585754395,6.85443925858,True
0.9606587374199451,6.8544392585754395,6.85443925858,True
0.9505946935041171,6.8544392585754395,6.85443925858,True
0.9487648673376029,6.8544392585754395,6.85443925858,True
0.9460201280878316,6.8544392585754395,6.85443925858,True
0.9451052150045746,6.8544392585754395,6.85443925858,True
0.9405306495882891,6.8544392585754395,6.85443925858,True
0.9341262580054894,6.8544392585754395,6.85443925858,True
0.9332113449222323,6.8544392585754395,6.85443925858,True
0.9322964318389753,6.8544392585754395,6.85443925858,True
0.9268069533394327,6.8544392585754395,6.85443925858,True
